alpha,correlation
0.0,0.6695479936597993
0.1,0.6736245559812647
0.2,0.6156040752374303
0.30000000000000004,0.6156040752374303
0.4,0.5845000895952694
0.5,0.5845000895952694
0.6000000000000001,0.5845000895952694
0.7000000000000001,0.5257208916780173
0.8,0.5257208916780173
0.9,0.5399175744148199
1.0,0.5093469338905535
