alpha,correlation
0.0,0.5205694394891504
0.1,0.5205694394891504
0.2,0.528405538568969
0.30000000000000004,0.5205694394891504
0.4,0.5205694394891504
0.5,0.5205694394891504
0.6000000000000001,0.528405538568969
0.7000000000000001,0.5205694394891504
0.8,0.5141472933320788
0.9,0.5205694394891504
1.0,0.5093469338905535
