alpha,mse_cate
0.0,0.01925583516783899
0.1,0.018232852628038195
0.2,0.017147447120421207
0.30000000000000004,0.016272746153040172
0.4,0.01491120291666907
0.5,0.013857184400581398
0.6000000000000001,0.013042718926694497
0.7000000000000001,0.012335484962731942
0.8,0.011641696861658807
0.9,0.010565549538258435
1.0,0.010258277108433748
