alpha,accuracy_baseline,accuracy_cate,accuracy_purebaseline
0.0,0.96,0.97,0.96
0.1,0.96,0.97,0.96
0.2,0.96,0.965,0.96
0.30000000000000004,0.96,0.97,0.96
0.4,0.96,0.97,0.96
0.5,0.96,0.97,0.96
0.6000000000000001,0.96,0.965,0.96
0.7000000000000001,0.96,0.97,0.96
0.8,0.96,0.97,0.96
0.9,0.96,0.97,0.96
1.0,0.96,0.96,0.96
