alpha,correlation
0.0,0.9280060363892462
0.1,0.9170809758100775
0.2,0.906191581274859
0.30000000000000004,0.8931966361592355
0.4,0.8794737299979606
0.5,0.8655870433976545
0.6000000000000001,0.8522817671611368
0.7000000000000001,0.8370185491519676
0.8,0.8246985162885361
0.9,0.8146687549059674
1.0,0.8045313723486084
