alpha,correlation
0.0,0.846001940831418
0.1,0.8243720103812454
0.2,0.7987574632616478
0.30000000000000004,0.7725122543604769
0.4,0.7497462525122143
0.5,0.7224155932781965
0.6000000000000001,0.6922243981209608
0.7000000000000001,0.6629343645312463
0.8,0.6322782517433949
0.9,0.607504167957046
1.0,0.5861135119446917
