correlation,mean_cate,std_cate
0.3861549198027112,0.047707168733904036,0.42153526852353845
