alpha,accuracy
0.0,0.8823529411764706
0.1,0.8823529411764706
0.2,0.8823529411764706
0.30000000000000004,0.8725490196078431
0.4,0.8725490196078431
0.5,0.8725490196078431
0.6000000000000001,0.8725490196078431
0.7000000000000001,0.8725490196078431
0.8,0.8725490196078431
0.9,0.8725490196078431
1.0,0.8725490196078431
