alpha,correlation
0.0,0.0
0.1,0.2635135822741635
0.2,0.0
0.30000000000000004,-0.03771457296320186
0.4,0.0
0.5,0.0
0.6000000000000001,0.0
0.7000000000000001,0.207928368235922
0.8,0.0
0.9,0.0
1.0,0.056560132328793714
