correlation,mae,mean_cate,std_cate
0.9446012411814809,0.027738827038510657,0.2855373112982361,0.42421585657256616
