correlation,mean_cate,std_cate
-0.2816841550541172,0.49047544802393583,0.507246028316676
