dataset,treatment,samples,features,treatment_prevalence,mse,rmse,ate_doubly_robust,ate_regression
Crime,Binary Treatment,399,18,0.45864661654135336,0.019317831979949875,0.13898860377725172,0.07086635990920154,0.07118415245737213
