alpha,correlation
0.0,0.865374287605107
0.1,0.8587456344556208
0.2,0.8579616598579113
0.30000000000000004,0.8547749430690706
0.4,0.8470026290785698
0.5,0.8377758703372191
0.6000000000000001,0.830087266970238
0.7000000000000001,0.8237925962028719
0.8,0.8177836996480986
0.9,0.8116681777261143
1.0,0.8034883727532937
