alpha,correlation
0.0,0.016028916325572826
0.1,-0.0046564902624659
0.2,-0.00973477615425294
0.30000000000000004,-0.022077519880676532
0.4,-0.040157144054266625
0.5,-0.043496016601762444
0.6000000000000001,-0.0566371899090653
0.7000000000000001,-0.060589407834451034
0.8,-0.06967585290738149
0.9,-0.07437416406041823
1.0,-0.08825101350314188
