correlation,mean_cate,std_cate
0.7767807699946566,0.003902252495629089,0.14732482745810208
